{"chunk_definitions":[{"row":12,"row_count":1,"visible":true,"expansion_state":0,"options":{"include":false,"engine":"r","label":"setup","echo":false},"document_id":"158E9C6A","chunk_id":"csetup_chunk","chunk_label":"setup"},{"row":44,"row_count":1,"visible":true,"expansion_state":0,"options":{"engine":"r","label":"librerias","echo":true,"results":"hide"},"document_id":"158E9C6A","chunk_id":"cg5rhr4f2s1iy","chunk_label":"librerias"},{"row":54,"row_count":1,"visible":true,"expansion_state":0,"options":{"engine":"r","label":"data","include":false},"document_id":"158E9C6A","chunk_id":"cqzrydl2p7uvx","chunk_label":"data"},{"row":68,"row_count":1,"visible":true,"expansion_state":0,"options":{"engine":"r","label":"names","echo":true,"results":"markup"},"document_id":"158E9C6A","chunk_id":"c96n3wxfe3yd7","chunk_label":"names"},{"row":74,"row_count":1,"visible":true,"expansion_state":0,"options":{"engine":"r","label":"head","echo":true,"results":"markup"},"document_id":"158E9C6A","chunk_id":"c4zv7lap3n523","chunk_label":"head"},{"row":81,"row_count":1,"visible":true,"expansion_state":0,"options":{"engine":"r","echo":true,"message":false,"warning":false,"label":"unnamed-chunk-1"},"document_id":"158E9C6A","chunk_id":"ct1avetfe5nu3","chunk_label":"unnamed-chunk-2"},{"row":104,"row_count":1,"visible":true,"expansion_state":0,"options":{"engine":"r","label":"casen mean","echo":true,"results":"markup"},"document_id":"158E9C6A","chunk_id":"c5j3oystgelxh","chunk_label":"casen mean"},{"row":112,"row_count":1,"visible":true,"expansion_state":0,"options":{"engine":"r","label":"casen mean trim","echo":true,"results":"markup"},"document_id":"158E9C6A","chunk_id":"cgpuhlna5i2b9","chunk_label":"casen mean trim"},{"row":127,"row_count":1,"visible":true,"expansion_state":0,"options":{"engine":"r","label":"casen median","echo":true,"results":"markup"},"document_id":"158E9C6A","chunk_id":"cvxkv13x68yqi","chunk_label":"casen median"},{"row":148,"row_count":1,"visible":true,"expansion_state":0,"options":{"engine":"r","echo":false,"label":"unnamed-chunk-2"},"document_id":"158E9C6A","chunk_id":"cunqtqpl1jbuq","chunk_label":"unnamed-chunk-4"},{"row":167,"row_count":1,"visible":true,"expansion_state":0,"options":{"engine":"r","echo":false,"label":"unnamed-chunk-3"},"document_id":"158E9C6A","chunk_id":"cxke8cjmbupxo","chunk_label":"unnamed-chunk-6"},{"row":180,"row_count":1,"visible":true,"expansion_state":0,"options":{"engine":"r","label":"casen table","echo":true,"results":"markup"},"document_id":"158E9C6A","chunk_id":"cj7st7whssa5b","chunk_label":"casen table"},{"row":186,"row_count":1,"visible":true,"expansion_state":0,"options":{"engine":"r","label":"casen flat_table","echo":true,"results":"markup"},"document_id":"158E9C6A","chunk_id":"c3ee3p2x2daed","chunk_label":"casen flat_table"},{"row":196,"row_count":1,"visible":true,"expansion_state":0,"options":{"engine":"r","label":"casen frq error","echo":true,"results":"markup"},"document_id":"158E9C6A","chunk_id":"c3zs0dti194fs","chunk_label":"casen frq error"},{"row":224,"row_count":1,"visible":true,"expansion_state":0,"options":{"engine":"r","label":"casen barras simple","echo":true,"message":false,"warning":false,"results":"markup"},"document_id":"158E9C6A","chunk_id":"c0n6vviebrzno","chunk_label":"casen barras simple"},{"row":250,"row_count":1,"visible":true,"expansion_state":0,"options":{"engine":"r","label":"casen puntos simple","echo":true,"message":false,"warning":false,"results":"markup"},"document_id":"158E9C6A","chunk_id":"c6khdedxy93a1","chunk_label":"casen puntos simple"},{"row":258,"row_count":1,"visible":true,"expansion_state":0,"options":{"engine":"r","label":"casen puntos cambiados","echo":true,"message":false,"warning":false,"results":"markup"},"document_id":"158E9C6A","chunk_id":"cjh3ris3mpwqg","chunk_label":"casen puntos cambiados"},{"row":285,"row_count":1,"visible":true,"expansion_state":0,"options":{"engine":"r","label":"casen histograma","echo":true,"message":false,"warning":false,"results":"markup"},"document_id":"158E9C6A","chunk_id":"c5huyn4wttsi1","chunk_label":"casen histograma"},{"row":296,"row_count":1,"visible":true,"expansion_state":0,"options":{"engine":"r","label":"casen densidad","echo":true,"results":"markup"},"document_id":"158E9C6A","chunk_id":"cypsr8wdaq5iq","chunk_label":"casen densidad"},{"row":308,"row_count":1,"visible":true,"expansion_state":0,"options":{"engine":"r","label":"casen lineas","echo":true,"results":"markup"},"document_id":"158E9C6A","chunk_id":"cy9bfa287eddi","chunk_label":"casen lineas"},{"row":319,"row_count":1,"visible":true,"expansion_state":0,"options":{"engine":"r","label":"casen box","echo":true,"message":false,"warning":false,"results":"markup"},"document_id":"158E9C6A","chunk_id":"cb7fjmcreyhvz","chunk_label":"casen box"},{"row":331,"row_count":1,"visible":true,"expansion_state":0,"options":{"engine":"r","label":"casen violin","echo":true,"message":false,"warning":false,"results":"markup"},"document_id":"158E9C6A","chunk_id":"c5z43bedx7lgj","chunk_label":"casen violin"},{"row":343,"row_count":1,"visible":true,"expansion_state":0,"options":{"engine":"r","label":"casen scatter","echo":true,"message":false,"warning":false,"results":"markup"},"document_id":"158E9C6A","chunk_id":"c6fnvtg0r7hgi","chunk_label":"casen scatter"},{"row":350,"row_count":1,"visible":true,"expansion_state":0,"options":{"engine":"r","label":"casen scatter 3 var","echo":true,"message":false,"warning":false,"results":"markup"},"document_id":"158E9C6A","chunk_id":"cb2d1d2bgh89k","chunk_label":"casen scatter 3 var"},{"row":357,"row_count":1,"visible":true,"expansion_state":0,"options":{"engine":"r","label":"casen scatter 3 var sexo","echo":true,"message":false,"warning":false,"results":"markup"},"document_id":"158E9C6A","chunk_id":"c37wzcbb00fnv","chunk_label":"casen scatter 3 var sexo"},{"row":365,"row_count":1,"visible":true,"expansion_state":0,"options":{"engine":"r","label":"descr","echo":true,"message":false,"warning":false},"document_id":"158E9C6A","chunk_id":"c4qnpat6vyh4p","chunk_label":"descr"},{"row":373,"row_count":1,"visible":true,"expansion_state":0,"options":{"engine":"r","label":"casen scatter sep","echo":true,"message":false,"warning":false,"results":"markup"},"document_id":"158E9C6A","chunk_id":"czkq6w008n1wg","chunk_label":"casen scatter sep"},{"row":391,"row_count":1,"visible":true,"expansion_state":0,"options":{"engine":"r","label":"casen frec agrup barr","echo":true,"message":false,"warning":false,"results":"markup"},"document_id":"158E9C6A","chunk_id":"cc3aozxjs8lty","chunk_label":"casen frec agrup barr"},{"row":401,"row_count":1,"visible":true,"expansion_state":0,"options":{"engine":"r","label":"casen frec agrup barr 2","echo":true,"message":false,"warning":false,"results":"markup"},"document_id":"158E9C6A","chunk_id":"cozo3kgswo1b3","chunk_label":"casen frec agrup barr 2"},{"row":412,"row_count":1,"visible":true,"expansion_state":0,"options":{"engine":"r","label":"casen frec agrup barr hor","echo":true,"message":false,"warning":false,"results":"markup"},"document_id":"158E9C6A","chunk_id":"cthb0ir7vhng0","chunk_label":"casen frec agrup barr hor"},{"row":420,"row_count":1,"visible":true,"expansion_state":0,"options":{"engine":"r","echo":true,"message":false,"warning":false,"label":"unnamed-chunk-4"},"document_id":"158E9C6A","chunk_id":"cytw810i7s3by","chunk_label":"unnamed-chunk-8"},{"row":430,"row_count":1,"visible":true,"expansion_state":0,"options":{"engine":"r","label":"casen_likert","echo":true,"message":false,"warning":false},"document_id":"158E9C6A","chunk_id":"c18vywfp6293l","chunk_label":"casen_likert"},{"row":441,"row_count":1,"visible":true,"expansion_state":0,"options":{"engine":"r","label":"casen_prop_Agrup","echo":true,"message":false,"warning":false},"document_id":"158E9C6A","chunk_id":"c6qjwsdfqvc6f","chunk_label":"casen_prop_Agrup"},{"row":453,"row_count":1,"visible":true,"expansion_state":0,"options":{"engine":"r","label":"casen graf pun agrup","echo":true,"message":false,"warning":false,"results":"markup"},"document_id":"158E9C6A","chunk_id":"c455zwtffsd64","chunk_label":"casen graf pun agrup"},{"row":465,"row_count":1,"visible":true,"expansion_state":0,"options":{"engine":"r","label":"casen graf lin agrup","echo":true,"message":false,"warning":false,"results":"markup"},"document_id":"158E9C6A","chunk_id":"c0xld9t1bmevy","chunk_label":"casen graf lin agrup"},{"row":473,"row_count":1,"visible":true,"expansion_state":0,"options":{"engine":"r","label":"casen graf line agrup 2","echo":true,"message":false,"warning":false,"results":"markup"},"document_id":"158E9C6A","chunk_id":"caqysnubw54nq","chunk_label":"casen graf line agrup 2"},{"row":484,"row_count":1,"visible":true,"expansion_state":0,"options":{"engine":"r","label":"casen graf caj","echo":true,"message":false,"warning":false,"results":"markup"},"document_id":"158E9C6A","chunk_id":"c5h92skgic02o","chunk_label":"casen graf caj"},{"row":492,"row_count":1,"visible":true,"expansion_state":0,"options":{"engine":"r","label":"casen box 3 var","echo":true,"message":false,"warning":false,"results":"markup"},"document_id":"158E9C6A","chunk_id":"c8ghhgv5hziye","chunk_label":"casen box 3 var"},{"row":502,"row_count":1,"visible":true,"expansion_state":0,"options":{"engine":"r","label":"casen graf violin agrup","echo":true,"message":false,"warning":false,"results":"markup"},"document_id":"158E9C6A","chunk_id":"cl8lcosxt1kq3","chunk_label":"casen graf violin agrup"},{"row":517,"row_count":1,"visible":true,"expansion_state":0,"options":{"engine":"r","label":"casen tab cruz","echo":true,"results":"markup"},"document_id":"158E9C6A","chunk_id":"c20h6pko2c457","chunk_label":"casen tab cruz"},{"row":532,"row_count":1,"visible":true,"expansion_state":0,"options":{"engine":"r","label":"casen tab cruz encoding","echo":true,"results":"markup"},"document_id":"158E9C6A","chunk_id":"cbjed7n1xf451","chunk_label":"casen tab cruz encoding"},{"row":549,"row_count":1,"visible":true,"expansion_state":0,"options":{"engine":"r","label":"casen_tab_cruz","echo":false,"message":false,"warning":false},"document_id":"158E9C6A","chunk_id":"cycfky19ktjez","chunk_label":"casen_tab_cruz"},{"row":565,"row_count":1,"visible":true,"expansion_state":0,"options":{"engine":"r","label":"casen_x2","echo":true,"message":false,"warning":false},"document_id":"158E9C6A","chunk_id":"c2e3onh1bzoxq","chunk_label":"casen_x2"}],"doc_write_time":1631483957,"working_dir":"C:\\Users\\dafne\\Dropbox\\Mi PC (LAPTOP-S31LO2T3)\\Desktop\\GitHub\\06-class\\06-clase","default_chunk_options":{}}