"0","data.frame(as_factor(sample(datos_proc$ocupacion, replace = TRUE)),"
"0","                 as_factor(sample(datos_proc$o2, replace = TRUE)),"
"0","                 as_factor(sample(datos_proc$o3, replace = TRUE)),"
"0","                 as_factor(sample(datos_proc$o4, replace = TRUE)),"
"0","                 as_factor(sample(datos_proc$o6, replace = TRUE))) %>% "
"0","  sjp.chi2(., "
"0","         title = ""Gráfico de Chi2"","
"0","         axis.labels  = c(""Trabajó al menos una hora"", ""realizó alguna actividad"", ""Tenía algún empleo"", ""Ha trabajado alguna vez"", ""Busco empleo""))"
"0",""
