{"chunk_definitions":[{"row":91,"row_count":1,"visible":true,"expansion_state":0,"options":[],"document_id":null,"chunk_id":"c6arv847b4k0w","chunk_label":"ejemplo mean"},{"row":117,"row_count":1,"visible":true,"expansion_state":0,"options":[],"document_id":null,"chunk_id":"cshcjm8lnxlhl","chunk_label":"ejemplo median"},{"row":121,"row_count":1,"visible":true,"expansion_state":0,"options":[],"document_id":null,"chunk_id":"c18qeac7pbqqa","chunk_label":"casen median"},{"row":138,"row_count":1,"visible":true,"expansion_state":0,"options":[],"document_id":null,"chunk_id":"c0ukuoykkkqdq","chunk_label":"unnamed-chunk-2"},{"row":155,"row_count":1,"visible":true,"expansion_state":0,"options":[],"document_id":null,"chunk_id":"cr6k6q7kyfl5f","chunk_label":"unnamed-chunk-4"},{"row":190,"row_count":1,"visible":true,"expansion_state":0,"options":[],"document_id":null,"chunk_id":"ck2vy32lpgnbb","chunk_label":"casen frq error"},{"row":205,"row_count":1,"visible":true,"expansion_state":0,"options":[],"document_id":null,"chunk_id":"cgnc14dmzmxb7","chunk_label":"ejemplo frecuencias"},{"row":218,"row_count":1,"visible":true,"expansion_state":0,"options":[],"document_id":null,"chunk_id":"ct3lvsdwuxp3p","chunk_label":"casen barras simple"},{"row":226,"row_count":1,"visible":true,"expansion_state":0,"options":[],"document_id":null,"chunk_id":"c0nrxwmljbj5z","chunk_label":"ejemplo save"},{"row":232,"row_count":1,"visible":true,"expansion_state":0,"options":[],"document_id":null,"chunk_id":"cxztxmn4zqmck","chunk_label":"unnamed-chunk-6"},{"row":243,"row_count":1,"visible":true,"expansion_state":0,"options":[],"document_id":null,"chunk_id":"cqjcsa3dx2g4s","chunk_label":"casen puntos simple"},{"row":251,"row_count":1,"visible":true,"expansion_state":0,"options":[],"document_id":null,"chunk_id":"cz0ja948na8za","chunk_label":"casen puntos cambiados"},{"row":278,"row_count":1,"visible":true,"expansion_state":0,"options":[],"document_id":null,"chunk_id":"cqf8s5zhw0bwu","chunk_label":"casen histograma"},{"row":289,"row_count":1,"visible":true,"expansion_state":0,"options":[],"document_id":null,"chunk_id":"cdowijmz397oa","chunk_label":"casen densidad"},{"row":301,"row_count":1,"visible":true,"expansion_state":0,"options":[],"document_id":null,"chunk_id":"c83s4cc1rkpnm","chunk_label":"casen lineas"},{"row":312,"row_count":1,"visible":true,"expansion_state":0,"options":[],"document_id":null,"chunk_id":"ctb4kvlfbr5gg","chunk_label":"casen box"},{"row":324,"row_count":1,"visible":true,"expansion_state":0,"options":[],"document_id":null,"chunk_id":"cjpqywc8jybt2","chunk_label":"casen violin"},{"row":336,"row_count":1,"visible":true,"expansion_state":0,"options":[],"document_id":null,"chunk_id":"cup3o7ecw5o3i","chunk_label":"casen scatter"},{"row":343,"row_count":1,"visible":true,"expansion_state":0,"options":[],"document_id":null,"chunk_id":"c45s9qoak7fkd","chunk_label":"casen scatter 3 var"},{"row":350,"row_count":1,"visible":true,"expansion_state":0,"options":[],"document_id":null,"chunk_id":"cp5t1g1nnj2qu","chunk_label":"casen scatter 3 var sexo"},{"row":358,"row_count":1,"visible":true,"expansion_state":0,"options":[],"document_id":null,"chunk_id":"cf3a0bqveyzuj","chunk_label":"descr"},{"row":366,"row_count":1,"visible":true,"expansion_state":0,"options":[],"document_id":null,"chunk_id":"c9axc4skzeg07","chunk_label":"casen scatter sep"},{"row":375,"row_count":1,"visible":true,"expansion_state":0,"options":[],"document_id":null,"chunk_id":"ckbuu660urvm9","chunk_label":"ejemplo frecuencias agrup"},{"row":384,"row_count":1,"visible":true,"expansion_state":0,"options":[],"document_id":null,"chunk_id":"cmx0acxf407yk","chunk_label":"casen frec agrup barr"},{"row":394,"row_count":1,"visible":true,"expansion_state":0,"options":[],"document_id":null,"chunk_id":"ckorzht43gozl","chunk_label":"casen frec agrup barr 2"},{"row":405,"row_count":1,"visible":true,"expansion_state":0,"options":[],"document_id":null,"chunk_id":"cuzb90d600pux","chunk_label":"casen frec agrup barr hor"},{"row":413,"row_count":1,"visible":true,"expansion_state":0,"options":[],"document_id":null,"chunk_id":"c3l82g17k01oh","chunk_label":"unnamed-chunk-7"},{"row":423,"row_count":1,"visible":true,"expansion_state":0,"options":[],"document_id":null,"chunk_id":"chgu5gitkx1km","chunk_label":"casen_likert"},{"row":436,"row_count":1,"visible":true,"expansion_state":0,"options":[],"document_id":null,"chunk_id":"ccdj3o6hygli3","chunk_label":"casen_prop_Agrup"},{"row":448,"row_count":1,"visible":true,"expansion_state":0,"options":[],"document_id":null,"chunk_id":"c8innae40cfzr","chunk_label":"casen graf pun agrup"},{"row":460,"row_count":1,"visible":true,"expansion_state":0,"options":[],"document_id":null,"chunk_id":"cdlty5omhyunr","chunk_label":"casen graf lin agrup"},{"row":468,"row_count":1,"visible":true,"expansion_state":0,"options":[],"document_id":null,"chunk_id":"cwjanfayv6q3c","chunk_label":"casen graf line agrup 2"},{"row":479,"row_count":1,"visible":true,"expansion_state":0,"options":[],"document_id":null,"chunk_id":"c8hkakr2obo3j","chunk_label":"casen graf caj"},{"row":487,"row_count":1,"visible":true,"expansion_state":0,"options":[],"document_id":null,"chunk_id":"c5b2rsh3rdcdl","chunk_label":"casen box 3 var"},{"row":497,"row_count":1,"visible":true,"expansion_state":0,"options":[],"document_id":null,"chunk_id":"c1f3amkyi55jx","chunk_label":"casen graf violin agrup"},{"row":512,"row_count":1,"visible":true,"expansion_state":0,"options":[],"document_id":null,"chunk_id":"cz2c9sd2tm3kj","chunk_label":"casen tab cruz"},{"row":527,"row_count":1,"visible":true,"expansion_state":0,"options":[],"document_id":null,"chunk_id":"cdhrmgyyl332o","chunk_label":"casen tab cruz encoding"},{"row":536,"row_count":1,"visible":true,"expansion_state":0,"options":[],"document_id":null,"chunk_id":"czdfqunmndjag","chunk_label":"ej_tab_cruz"}],"doc_write_time":1642882926,"chunk_rendered_width":700}